;;;asno, burro;;;
;;;bebida alcohólica;;;
;;;buey;;;
;;;buho;;;
;;;cabeza;;;
;;;día;;;
;;;día, sol;;;
;;;escoba;;;
;;;frente (cabeza);;;
;;;gato;;;
;;;hacha;;;
;;;lobo;;;
;;;mantequilla;;;
;;;masa (trigo), pan;;;
;;;mes, luna;;;
;;;montón, pila;;;
;;;niño, chico;;;
;;;noche;;;
;;;pastor;;;
;;;perro;;;
;;;pescado, pez;;;
;;;plata, dinero;;;
;;;plegaria, oración, rezo;;;
;;;río;;;
;;;sangre;;;
;;;serpiente, culebra, víbora;;;
;;;sol;;;
;;;tapa, cubierta;;;
;;;techo;;;
;;;tío;;;
;;;toro;;;
;;;trabajo, esfuerzo (colectivo);;;
;;;trigo;;;
;;;vaca;;;
;;;zorro;;;
;;;ir (andando), caminar;;;
;;;madre, mamá;;;
;;;mano;;;
;;;hijo, niño;;;
;;;pobre;;;
;;;padre, papá;;;
;;;hacer, fabricar, crear;;;
;;;mujer, esposa;;;
;;;doctor, médico;;;
;;;golpear;khw86;;
;;;palo;;;
;;;mordisquear;iterativo de morder;;
;;;morder;;;
;;;robar;khw88;;
;;;cuenco, recipiente;;;
;;;arma;;;
;;;hermano, hermana;;;